Timestamp,Load
01/01/2022 0:00,259
01/01/2022 1:00,253
01/01/2022 2:00,247
01/01/2022 3:00,242
01/01/2022 4:00,242
01/01/2022 5:00,240
01/01/2022 6:00,243
01/01/2022 7:00,238
01/01/2022 8:00,246
01/01/2022 9:00,252
01/01/2022 10:00,268
01/01/2022 11:00,280
01/01/2022 12:00,288
01/01/2022 13:00,293
01/01/2022 14:00,291
01/01/2022 15:00,290
01/01/2022 16:00,295
01/01/2022 17:00,304
01/01/2022 18:00,297
01/01/2022 19:00,283
01/01/2022 20:00,275
01/01/2022 21:00,265
01/01/2022 22:00,254
01/01/2022 23:00,250
01/02/2022 0:00,251
01/02/2022 1:00,250
01/02/2022 2:00,249
01/02/2022 3:00,249
01/02/2022 4:00,253
01/02/2022 5:00,250
01/02/2022 6:00,264
01/02/2022 7:00,275
01/02/2022 8:00,296
01/02/2022 9:00,316
01/02/2022 10:00,323
01/02/2022 11:00,321
01/02/2022 12:00,324
01/02/2022 13:00,322
01/02/2022 14:00,322
01/02/2022 15:00,324
01/02/2022 16:00,326
01/02/2022 17:00,336
01/02/2022 18:00,325
01/02/2022 19:00,308
01/02/2022 20:00,299
01/02/2022 21:00,287
01/02/2022 22:00,282
01/02/2022 23:00,266
01/03/2022 0:00,261
01/03/2022 1:00,257
01/03/2022 2:00,255
01/03/2022 3:00,252
01/03/2022 4:00,261
01/03/2022 5:00,269
01/03/2022 6:00,291
01/03/2022 7:00,333
01/03/2022 8:00,383
01/03/2022 9:00,421
01/03/2022 10:00,445
01/03/2022 11:00,440
01/03/2022 12:00,450
01/03/2022 13:00,453
01/03/2022 14:00,443
01/03/2022 15:00,437
01/03/2022 16:00,399
01/03/2022 17:00,393
01/03/2022 18:00,383
01/03/2022 19:00,371
01/03/2022 20:00,360
01/03/2022 21:00,345
01/03/2022 22:00,339
01/03/2022 23:00,331
01/04/2022 0:00,337
01/04/2022 1:00,333
01/04/2022 2:00,328
01/04/2022 3:00,325
01/04/2022 4:00,323
01/04/2022 5:00,332
01/04/2022 6:00,353
01/04/2022 7:00,399
01/04/2022 8:00,447
01/04/2022 9:00,478
01/04/2022 10:00,477
01/04/2022 11:00,474
01/04/2022 12:00,490
01/04/2022 13:00,510
01/04/2022 14:00,503
01/04/2022 15:00,490
01/04/2022 16:00,469
01/04/2022 17:00,454
01/04/2022 18:00,439
01/04/2022 19:00,423
01/04/2022 20:00,408
01/04/2022 21:00,392
01/04/2022 22:00,383
01/04/2022 23:00,375
01/05/2022 0:00,368
01/05/2022 1:00,363
01/05/2022 2:00,358
01/05/2022 3:00,354
01/05/2022 4:00,357
01/05/2022 5:00,366
01/05/2022 6:00,378
01/05/2022 7:00,424
01/05/2022 8:00,480
01/05/2022 9:00,499
01/05/2022 10:00,505
01/05/2022 11:00,503
01/05/2022 12:00,508
01/05/2022 13:00,527
01/05/2022 14:00,522
01/05/2022 15:00,510
01/05/2022 16:00,485
01/05/2022 17:00,469
01/05/2022 18:00,441
01/05/2022 19:00,435
01/05/2022 20:00,422
01/05/2022 21:00,407
01/05/2022 22:00,395
01/05/2022 23:00,397
01/06/2022 0:00,387
01/06/2022 1:00,385
01/06/2022 2:00,381
01/06/2022 3:00,377
01/06/2022 4:00,376
01/06/2022 5:00,388
01/06/2022 6:00,404
01/06/2022 7:00,460
01/06/2022 8:00,520
01/06/2022 9:00,552
01/06/2022 10:00,566
01/06/2022 11:00,557
01/06/2022 12:00,563
01/06/2022 13:00,573
01/06/2022 14:00,573
01/06/2022 15:00,558
01/06/2022 16:00,528
01/06/2022 17:00,516
01/06/2022 18:00,498
01/06/2022 19:00,484
01/06/2022 20:00,468
01/06/2022 21:00,451
01/06/2022 22:00,445
01/06/2022 23:00,430
01/07/2022 0:00,420
01/07/2022 1:00,415
01/07/2022 2:00,408
01/07/2022 3:00,407
01/07/2022 4:00,403
01/07/2022 5:00,406
01/07/2022 6:00,425
01/07/2022 7:00,481
01/07/2022 8:00,541
01/07/2022 9:00,567
01/07/2022 10:00,571
01/07/2022 11:00,557
01/07/2022 12:00,552
01/07/2022 13:00,575
01/07/2022 14:00,565
01/07/2022 15:00,560
01/07/2022 16:00,530
01/07/2022 17:00,528
01/07/2022 18:00,505
01/07/2022 19:00,493
01/07/2022 20:00,468
01/07/2022 21:00,449
01/07/2022 22:00,435
01/07/2022 23:00,422
01/08/2022 0:00,408
01/08/2022 1:00,405
01/08/2022 2:00,404
01/08/2022 3:00,395
01/08/2022 4:00,398
01/08/2022 5:00,408
01/08/2022 6:00,422
01/08/2022 7:00,465
01/08/2022 8:00,509
01/08/2022 9:00,543
01/08/2022 10:00,549
01/08/2022 11:00,544
01/08/2022 12:00,556
01/08/2022 13:00,577
01/08/2022 14:00,574
01/08/2022 15:00,561
01/08/2022 16:00,547
01/08/2022 17:00,556
01/08/2022 18:00,540
01/08/2022 19:00,526
01/08/2022 20:00,513
01/08/2022 21:00,496
01/08/2022 22:00,485
01/08/2022 23:00,469
01/09/2022 0:00,464
01/09/2022 1:00,451
01/09/2022 2:00,441
01/09/2022 3:00,434
01/09/2022 4:00,421
01/09/2022 5:00,420
01/09/2022 6:00,432
01/09/2022 7:00,442
01/09/2022 8:00,476
01/09/2022 9:00,510
01/09/2022 10:00,531
01/09/2022 11:00,532
01/09/2022 12:00,534
01/09/2022 13:00,542
01/09/2022 14:00,539
01/09/2022 15:00,534
01/09/2022 16:00,526
01/09/2022 17:00,538
01/09/2022 18:00,525
01/09/2022 19:00,518
01/09/2022 20:00,509
01/09/2022 21:00,488
01/09/2022 22:00,477
01/09/2022 23:00,466
01/10/2022 0:00,454
01/10/2022 1:00,444
01/10/2022 2:00,438
01/10/2022 3:00,422
01/10/2022 4:00,436
01/10/2022 5:00,446
01/10/2022 6:00,478
01/10/2022 7:00,531
01/10/2022 8:00,599
01/10/2022 9:00,620
01/10/2022 10:00,660
01/10/2022 11:00,655
01/10/2022 12:00,660
01/10/2022 13:00,686
01/10/2022 14:00,671
01/10/2022 15:00,668
01/10/2022 16:00,639
01/10/2022 17:00,624
01/10/2022 18:00,602
01/10/2022 19:00,582
01/10/2022 20:00,568
01/10/2022 21:00,549
01/10/2022 22:00,537
01/10/2022 23:00,518
01/11/2022 0:00,510
01/11/2022 1:00,493
01/11/2022 2:00,489
01/11/2022 3:00,481
01/11/2022 4:00,477
01/11/2022 5:00,483
01/11/2022 6:00,505
01/11/2022 7:00,572
01/11/2022 8:00,642
01/11/2022 9:00,676
01/11/2022 10:00,687
01/11/2022 11:00,679
01/11/2022 12:00,688
01/11/2022 13:00,699
01/11/2022 14:00,691
01/11/2022 15:00,679
01/11/2022 16:00,631
01/11/2022 17:00,626
01/11/2022 18:00,604
01/11/2022 19:00,582
01/11/2022 20:00,564
01/11/2022 21:00,547
01/11/2022 22:00,533
01/11/2022 23:00,512
01/12/2022 0:00,504
01/12/2022 1:00,502
01/12/2022 2:00,495
01/12/2022 3:00,487
01/12/2022 4:00,491
01/12/2022 5:00,498
01/12/2022 6:00,510
01/12/2022 7:00,570
01/12/2022 8:00,645
01/12/2022 9:00,682
01/12/2022 10:00,693
01/12/2022 11:00,684
01/12/2022 12:00,697
01/12/2022 13:00,716
01/12/2022 14:00,698
01/12/2022 15:00,681
01/12/2022 16:00,644
01/12/2022 17:00,624
01/12/2022 18:00,608
01/12/2022 19:00,593
01/12/2022 20:00,579
01/12/2022 21:00,561
01/12/2022 22:00,555
01/12/2022 23:00,535
01/13/2022 00:00,523
01/13/2022 01:00,512
01/13/2022 02:00,503
01/13/2022 03:00,497
01/13/2022 04:00,493
01/13/2022 05:00,499
01/13/2022 06:00,517
01/13/2022 07:00,581
01/13/2022 08:00,648
01/13/2022 09:00,679
01/13/2022 10:00,699
01/13/2022 11:00,687
01/13/2022 12:00,699
01/13/2022 13:00,715
01/13/2022 14:00,703
01/13/2022 15:00,684
01/13/2022 16:00,655
01/13/2022 17:00,637
01/13/2022 18:00,610
01/13/2022 19:00,595
01/13/2022 20:00,582
01/13/2022 21:00,561
01/13/2022 22:00,545
01/13/2022 23:00,523
01/14/2022 00:00,513
01/14/2022 01:00,509
01/14/2022 02:00,499
01/14/2022 03:00,495
01/14/2022 04:00,491
01/14/2022 05:00,498
01/14/2022 06:00,519
01/14/2022 07:00,582
01/14/2022 08:00,668
01/14/2022 09:00,695
01/14/2022 10:00,700
01/14/2022 11:00,679
01/14/2022 12:00,680
01/14/2022 13:00,700
01/14/2022 14:00,691
01/14/2022 15:00,664
01/14/2022 16:00,635
01/14/2022 17:00,632
01/14/2022 18:00,607
01/14/2022 19:00,594
01/14/2022 20:00,575
01/14/2022 21:00,561
01/14/2022 22:00,550
01/14/2022 23:00,530
01/15/2022 00:00,518
01/15/2022 01:00,508
01/15/2022 02:00,494
01/15/2022 03:00,489
01/15/2022 04:00,486
01/15/2022 05:00,494
01/15/2022 06:00,509
01/15/2022 07:00,558
01/15/2022 08:00,613
01/15/2022 09:00,637
01/15/2022 10:00,653
01/15/2022 11:00,645
01/15/2022 12:00,649
01/15/2022 13:00,667
01/15/2022 14:00,664
01/15/2022 15:00,648
01/15/2022 16:00,622
01/15/2022 17:00,621
01/15/2022 18:00,597
01/15/2022 19:00,581
01/15/2022 20:00,568
01/15/2022 21:00,555
01/15/2022 22:00,545
01/15/2022 23:00,527
01/16/2022 00:00,522
01/16/2022 01:00,509
01/16/2022 02:00,496
01/16/2022 03:00,481
01/16/2022 04:00,486
01/16/2022 05:00,481
01/16/2022 06:00,484
01/16/2022 07:00,494
01/16/2022 08:00,524
01/16/2022 09:00,556
01/16/2022 10:00,571
01/16/2022 11:00,577
01/16/2022 12:00,574
01/16/2022 13:00,580
01/16/2022 14:00,577
01/16/2022 15:00,567
01/16/2022 16:00,563
01/16/2022 17:00,577
01/16/2022 18:00,567
01/16/2022 19:00,556
01/16/2022 20:00,550
01/16/2022 21:00,541
01/16/2022 22:00,525
01/16/2022 23:00,511
01/17/2022 00:00,501
01/17/2022 01:00,492
01/17/2022 02:00,485
01/17/2022 03:00,479
01/17/2022 04:00,480
01/17/2022 05:00,499
01/17/2022 06:00,534
01/17/2022 07:00,599
01/17/2022 08:00,672
01/17/2022 09:00,703
01/17/2022 10:00,728
01/17/2022 11:00,725
01/17/2022 12:00,720
01/17/2022 13:00,748
01/17/2022 14:00,738
01/17/2022 15:00,723
01/17/2022 16:00,695
01/17/2022 17:00,635
01/17/2022 18:00,652
01/17/2022 19:00,636
01/17/2022 20:00,622
01/17/2022 21:00,603
01/17/2022 22:00,589
01/17/2022 23:00,574
01/18/2022 00:00,558
01/18/2022 01:00,553
01/18/2022 02:00,552
01/18/2022 03:00,543
01/18/2022 04:00,547
01/18/2022 05:00,559
01/18/2022 06:00,585
01/18/2022 07:00,632
01/18/2022 08:00,706
01/18/2022 09:00,739
01/18/2022 10:00,746
01/18/2022 11:00,732
01/18/2022 12:00,752
01/18/2022 13:00,773
01/18/2022 14:00,759
01/18/2022 15:00,745
01/18/2022 16:00,715
01/18/2022 17:00,693
01/18/2022 18:00,666
01/18/2022 19:00,648
01/18/2022 20:00,639
01/18/2022 21:00,627
01/18/2022 22:00,589
01/18/2022 23:00,570
01/19/2022 00:00,572
01/19/2022 01:00,550
01/19/2022 02:00,535
01/19/2022 03:00,535
01/19/2022 04:00,545
01/19/2022 05:00,558
01/19/2022 06:00,588
01/19/2022 07:00,650
01/19/2022 08:00,725
01/19/2022 09:00,763
01/19/2022 10:00,767
01/19/2022 11:00,757
01/19/2022 12:00,774
01/19/2022 13:00,802
01/19/2022 14:00,773
01/19/2022 15:00,769
01/19/2022 16:00,760
01/19/2022 17:00,717
01/19/2022 18:00,696
01/19/2022 19:00,677
01/19/2022 20:00,662
01/19/2022 21:00,644
01/19/2022 22:00,619
01/19/2022 23:00,599
01/20/2022 00:00,580
01/20/2022 01:00,570
01/20/2022 02:00,558
01/20/2022 03:00,552
01/20/2022 04:00,557
01/20/2022 05:00,553
01/20/2022 06:00,590
01/20/2022 07:00,652
01/20/2022 08:00,728
01/20/2022 09:00,762
01/20/2022 10:00,768
01/20/2022 11:00,757
01/20/2022 12:00,771
01/20/2022 13:00,795
01/20/2022 14:00,790
01/20/2022 15:00,779
01/20/2022 16:00,733
01/20/2022 17:00,716
01/20/2022 18:00,688
01/20/2022 19:00,670
01/20/2022 20:00,658
01/20/2022 21:00,640
01/20/2022 22:00,621
01/20/2022 23:00,609
01/21/2022 00:00,595
01/21/2022 01:00,578
01/21/2022 02:00,570
01/21/2022 03:00,565
01/21/2022 04:00,555
01/21/2022 05:00,566
01/21/2022 06:00,592
01/21/2022 07:00,616
01/21/2022 08:00,675
01/21/2022 09:00,701
01/21/2022 10:00,758
01/21/2022 11:00,741
01/21/2022 12:00,748
01/21/2022 13:00,776
01/21/2022 14:00,771
01/21/2022 15:00,741
01/21/2022 16:00,728
01/21/2022 17:00,712
01/21/2022 18:00,695
01/21/2022 19:00,678
01/21/2022 20:00,668
01/21/2022 21:00,655
01/21/2022 22:00,639
01/21/2022 23:00,616
01/22/2022 00:00,601
01/22/2022 01:00,594
01/22/2022 02:00,576
01/22/2022 03:00,567
01/22/2022 04:00,560
01/22/2022 05:00,558
01/22/2022 06:00,576
01/22/2022 07:00,629
01/22/2022 08:00,695
01/22/2022 09:00,724
01/22/2022 10:00,741
01/22/2022 11:00,725
01/22/2022 12:00,743
01/22/2022 13:00,763
01/22/2022 14:00,745
01/22/2022 15:00,729
01/22/2022 16:00,694
01/22/2022 17:00,698
01/22/2022 18:00,674
01/22/2022 19:00,665
01/22/2022 20:00,648
01/22/2022 21:00,642
01/22/2022 22:00,627
01/22/2022 23:00,611
01/23/2022 00:00,594
01/23/2022 01:00,589
01/23/2022 02:00,570
01/23/2022 03:00,568
01/23/2022 04:00,563
01/23/2022 05:00,549
01/23/2022 06:00,555
01/23/2022 07:00,574
01/23/2022 08:00,592
01/23/2022 09:00,619
01/23/2022 10:00,644
01/23/2022 11:00,644
01/23/2022 12:00,648
01/23/2022 13:00,643
01/23/2022 14:00,659
01/23/2022 15:00,660
01/23/2022 16:00,650
01/23/2022 17:00,644
01/23/2022 18:00,636
01/23/2022 19:00,617
01/23/2022 20:00,616
01/23/2022 21:00,600
01/23/2022 22:00,590
01/23/2022 23:00,576
01/24/2022 00:00,564
01/24/2022 01:00,557
01/24/2022 02:00,539
01/24/2022 03:00,539
01/24/2022 04:00,544
01/24/2022 05:00,559
01/24/2022 06:00,596
01/24/2022 07:00,657
01/24/2022 08:00,715
01/24/2022 09:00,755
01/24/2022 10:00,758
01/24/2022 11:00,742
01/24/2022 12:00,757
01/24/2022 13:00,784
01/24/2022 14:00,781
01/24/2022 15:00,764
01/24/2022 16:00,733
01/24/2022 17:00,722
01/24/2022 18:00,685
01/24/2022 19:00,677
01/24/2022 20:00,653
01/24/2022 21:00,629
01/24/2022 22:00,617
01/24/2022 23:00,603
01/25/2022 00:00,586
01/25/2022 01:00,579
01/25/2022 02:00,569
01/25/2022 03:00,564
01/25/2022 04:00,568
01/25/2022 05:00,573
01/25/2022 06:00,602
01/25/2022 07:00,653
01/25/2022 08:00,729
01/25/2022 09:00,759
01/25/2022 10:00,756
01/25/2022 11:00,720
01/25/2022 12:00,723
01/25/2022 13:00,730
01/25/2022 14:00,727
01/25/2022 15:00,719
01/25/2022 16:00,703
01/25/2022 17:00,700
01/25/2022 18:00,668
01/25/2022 19:00,650
01/25/2022 20:00,629
01/25/2022 21:00,608
01/25/2022 22:00,586
01/25/2022 23:00,567
01/26/2022 00:00,548
01/26/2022 01:00,534
01/26/2022 02:00,531
01/26/2022 03:00,527
01/26/2022 04:00,526
01/26/2022 05:00,543
01/26/2022 06:00,575
01/26/2022 07:00,546
01/26/2022 08:00,683
01/26/2022 09:00,744
01/26/2022 10:00,765
01/26/2022 11:00,765
01/26/2022 12:00,778
01/26/2022 13:00,815
01/26/2022 14:00,806
01/26/2022 15:00,783
01/26/2022 16:00,744
01/26/2022 17:00,735
01/26/2022 18:00,711
01/26/2022 19:00,696
01/26/2022 20:00,686
01/26/2022 21:00,679
01/26/2022 22:00,661
01/26/2022 23:00,642
01/27/2022 00:00,631
01/27/2022 01:00,624
01/27/2022 02:00,611
01/27/2022 03:00,601
01/27/2022 04:00,605
01/27/2022 05:00,614
01/27/2022 06:00,639
01/27/2022 07:00,705
01/27/2022 08:00,791
01/27/2022 09:00,826
01/27/2022 10:00,838
01/27/2022 11:00,822
01/27/2022 12:00,834
01/27/2022 13:00,871
01/27/2022 14:00,854
01/27/2022 15:00,838
01/27/2022 16:00,792
01/27/2022 17:00,772
01/27/2022 18:00,745
01/27/2022 19:00,737
01/27/2022 20:00,724
01/27/2022 21:00,703
01/27/2022 22:00,684
01/27/2022 23:00,659
01/28/2022 00:00,645
01/28/2022 01:00,632
01/28/2022 02:00,617
01/28/2022 03:00,608
01/28/2022 04:00,604
01/28/2022 05:00,612
01/28/2022 06:00,640
01/28/2022 07:00,709
01/28/2022 08:00,789
01/28/2022 09:00,817
01/28/2022 10:00,830
01/28/2022 11:00,816
01/28/2022 12:00,838
01/28/2022 13:00,866
01/28/2022 14:00,855
01/28/2022 15:00,832
01/28/2022 16:00,787
01/28/2022 17:00,771
01/28/2022 18:00,755
01/28/2022 19:00,737
01/28/2022 20:00,728
01/28/2022 21:00,713
01/28/2022 22:00,696
01/28/2022 23:00,675
01/29/2022 00:00,660
01/29/2022 01:00,644
01/29/2022 02:00,630
01/29/2022 03:00,618
01/29/2022 04:00,609
01/29/2022 05:00,608
01/29/2022 06:00,627
01/29/2022 07:00,682
01/29/2022 08:00,731
01/29/2022 09:00,720
01/29/2022 10:00,747
01/29/2022 11:00,738
01/29/2022 12:00,753
01/29/2022 13:00,770
01/29/2022 14:00,761
01/29/2022 15:00,744
01/29/2022 16:00,701
01/29/2022 17:00,693
01/29/2022 18:00,699
01/29/2022 19:00,686
01/29/2022 20:00,687
01/29/2022 21:00,677
01/29/2022 22:00,660
01/29/2022 23:00,637
01/30/2022 00:00,623
01/30/2022 01:00,607
01/30/2022 02:00,594
01/30/2022 03:00,581
01/30/2022 04:00,573
01/30/2022 05:00,558
01/30/2022 06:00,536
01/30/2022 07:00,584
01/30/2022 08:00,620
01/30/2022 09:00,652
01/30/2022 10:00,672
01/30/2022 11:00,675
01/30/2022 12:00,681
01/30/2022 13:00,682
01/30/2022 14:00,685
01/30/2022 15:00,675
01/30/2022 16:00,658
01/30/2022 17:00,669
01/30/2022 18:00,666
01/30/2022 19:00,664
01/30/2022 20:00,657
01/30/2022 21:00,648
01/30/2022 22:00,631
01/30/2022 23:00,611
01/31/2022 00:00,593
01/31/2022 01:00,581
01/31/2022 02:00,562
01/31/2022 03:00,558
01/31/2022 04:00,560
01/31/2022 05:00,567
01/31/2022 06:00,594
01/31/2022 07:00,657
01/31/2022 08:00,760
01/31/2022 09:00,789
01/31/2022 10:00,800
01/31/2022 11:00,795
01/31/2022 12:00,810
01/31/2022 13:00,801
01/31/2022 14:00,821
01/31/2022 15:00,811
01/31/2022 16:00,790
01/31/2022 17:00,754
01/31/2022 18:00,733
01/31/2022 19:00,721
01/31/2022 20:00,720
01/31/2022 21:00,695
01/31/2022 22:00,684
01/31/2022 23:00,660
02/01/2022 0:00,645
02/01/2022 1:00,630
02/01/2022 2:00,614
02/01/2022 3:00,608
02/01/2022 4:00,600
02/01/2022 5:00,601
02/01/2022 6:00,615
02/01/2022 7:00,653
02/01/2022 8:00,707
02/01/2022 9:00,734
02/01/2022 10:00,766
02/01/2022 11:00,757
02/01/2022 12:00,768
02/01/2022 13:00,790
02/01/2022 14:00,775
02/01/2022 15:00,762
02/01/2022 16:00,736
02/01/2022 17:00,737
02/01/2022 18:00,723
02/01/2022 19:00,712
02/01/2022 20:00,709
02/01/2022 21:00,697
02/01/2022 22:00,681
02/01/2022 23:00,655
02/02/2022 0:00,639
02/02/2022 1:00,624
02/02/2022 2:00,611
02/02/2022 3:00,599
02/02/2022 4:00,599
02/02/2022 5:00,611
02/02/2022 6:00,634
02/02/2022 7:00,705
02/02/2022 8:00,782
02/02/2022 9:00,796
02/02/2022 10:00,780
02/02/2022 11:00,780
02/02/2022 12:00,809
02/02/2022 13:00,826
02/02/2022 14:00,816
02/02/2022 15:00,815
02/02/2022 16:00,774
02/02/2022 17:00,754
02/02/2022 18:00,732
02/02/2022 19:00,718
02/02/2022 20:00,711
02/02/2022 21:00,703
02/02/2022 22:00,684
02/02/2022 23:00,667
02/03/2022 0:00,653
02/03/2022 1:00,644
02/03/2022 2:00,627
02/03/2022 3:00,615
02/03/2022 4:00,611
02/03/2022 5:00,621
02/03/2022 6:00,642
02/03/2022 7:00,720
02/03/2022 8:00,801
02/03/2022 9:00,833
02/03/2022 10:00,853
02/03/2022 11:00,831
02/03/2022 12:00,840
02/03/2022 13:00,857
02/03/2022 14:00,861
02/03/2022 15:00,852
02/03/2022 16:00,807
02/03/2022 17:00,785
02/03/2022 18:00,758
02/03/2022 19:00,740
02/03/2022 20:00,727
02/03/2022 21:00,711
02/03/2022 22:00,702
02/03/2022 23:00,686
02/04/2022 0:00,673
02/04/2022 1:00,653
02/04/2022 2:00,639
02/04/2022 3:00,613
02/04/2022 4:00,622
02/04/2022 5:00,622
02/04/2022 6:00,635
02/04/2022 7:00,696
02/04/2022 8:00,774
02/04/2022 9:00,806
02/04/2022 10:00,826
02/04/2022 11:00,807
02/04/2022 12:00,806
02/04/2022 13:00,829
02/04/2022 14:00,824
02/04/2022 15:00,816
02/04/2022 16:00,771
02/04/2022 17:00,762
02/04/2022 18:00,732
02/04/2022 19:00,715
02/04/2022 20:00,713
02/04/2022 21:00,695
02/04/2022 22:00,667
02/04/2022 23:00,659
02/05/2022 0:00,646
02/05/2022 1:00,637
02/05/2022 2:00,630
02/05/2022 3:00,621
02/05/2022 4:00,615
02/05/2022 5:00,624
02/05/2022 6:00,635
02/05/2022 7:00,683
02/05/2022 8:00,752
02/05/2022 9:00,785
02/05/2022 10:00,794
02/05/2022 11:00,779
02/05/2022 12:00,790
02/05/2022 13:00,809
02/05/2022 14:00,789
02/05/2022 15:00,779
02/05/2022 16:00,754
02/05/2022 17:00,754
02/05/2022 18:00,731
02/05/2022 19:00,718
02/05/2022 20:00,713
02/05/2022 21:00,694
02/05/2022 22:00,665
02/05/2022 23:00,636
02/06/2022 0:00,625
02/06/2022 1:00,615
02/06/2022 2:00,604
02/06/2022 3:00,595
02/06/2022 4:00,595
02/06/2022 5:00,583
02/06/2022 6:00,583
02/06/2022 7:00,592
02/06/2022 8:00,629
02/06/2022 9:00,622
02/06/2022 10:00,671
02/06/2022 11:00,690
02/06/2022 12:00,669
02/06/2022 13:00,684
02/06/2022 14:00,680
02/06/2022 15:00,653
02/06/2022 16:00,653
02/06/2022 17:00,695
02/06/2022 18:00,688
02/06/2022 19:00,664
02/06/2022 20:00,659
02/06/2022 21:00,651
02/06/2022 22:00,630
02/06/2022 23:00,613
02/07/2022 0:00,601
02/07/2022 1:00,589
02/07/2022 2:00,577
02/07/2022 3:00,562
02/07/2022 4:00,568
02/07/2022 5:00,597
02/07/2022 6:00,638
02/07/2022 7:00,721
02/07/2022 8:00,797
02/07/2022 9:00,830
02/07/2022 10:00,850
02/07/2022 11:00,841
02/07/2022 12:00,860
02/07/2022 13:00,882
02/07/2022 14:00,869
02/07/2022 15:00,857
02/07/2022 16:00,807
02/07/2022 17:00,791
02/07/2022 18:00,767
02/07/2022 19:00,754
02/07/2022 20:00,734
02/07/2022 21:00,716
02/07/2022 22:00,695
02/07/2022 23:00,675
02/08/2022 0:00,659
02/08/2022 1:00,652
02/08/2022 2:00,635
02/08/2022 3:00,630
02/08/2022 4:00,634
02/08/2022 5:00,645
02/08/2022 6:00,662
02/08/2022 7:00,729
02/08/2022 8:00,817
02/08/2022 9:00,818
02/08/2022 10:00,857
02/08/2022 11:00,847
02/08/2022 12:00,848
02/08/2022 13:00,869
02/08/2022 14:00,861
02/08/2022 15:00,847
02/08/2022 16:00,793
02/08/2022 17:00,791
02/08/2022 18:00,771
02/08/2022 19:00,747
02/08/2022 20:00,731
02/08/2022 21:00,711
02/08/2022 22:00,692
02/08/2022 23:00,661
02/09/2022 0:00,657
02/09/2022 1:00,636
02/09/2022 2:00,633
02/09/2022 3:00,620
02/09/2022 4:00,623
02/09/2022 5:00,638
02/09/2022 6:00,654
02/09/2022 7:00,735
02/09/2022 8:00,802
02/09/2022 9:00,851
02/09/2022 10:00,856
02/09/2022 11:00,827
02/09/2022 12:00,840
02/09/2022 13:00,858
02/09/2022 14:00,854
02/09/2022 15:00,843
02/09/2022 16:00,814
02/09/2022 17:00,792
02/09/2022 18:00,771
02/09/2022 19:00,751
02/09/2022 20:00,740
02/09/2022 21:00,733
02/09/2022 22:00,707
02/09/2022 23:00,689
02/10/2022 0:00,663
02/10/2022 1:00,649
02/10/2022 2:00,639
02/10/2022 3:00,635
02/10/2022 4:00,625
02/10/2022 5:00,640
02/10/2022 6:00,668
02/10/2022 7:00,736
02/10/2022 8:00,808
02/10/2022 9:00,823
02/10/2022 10:00,839
02/10/2022 11:00,816
02/10/2022 12:00,825
02/10/2022 13:00,835
02/10/2022 14:00,821
02/10/2022 15:00,820
02/10/2022 16:00,792
02/10/2022 17:00,781
02/10/2022 18:00,757
02/10/2022 19:00,739
02/10/2022 20:00,733
02/10/2022 21:00,716
02/10/2022 22:00,692
02/10/2022 23:00,674
02/11/2022 0:00,659
02/11/2022 1:00,649
02/11/2022 2:00,641
02/11/2022 3:00,632
02/11/2022 4:00,641
02/11/2022 5:00,647
02/11/2022 6:00,667
02/11/2022 7:00,734
02/11/2022 8:00,812
02/11/2022 9:00,836
02/11/2022 10:00,842
02/11/2022 11:00,829
02/11/2022 12:00,842
02/11/2022 13:00,873
02/11/2022 14:00,858
02/11/2022 15:00,833
02/11/2022 16:00,802
02/11/2022 17:00,791
02/11/2022 18:00,754
02/11/2022 19:00,740
02/11/2022 20:00,727
02/11/2022 21:00,713
02/11/2022 22:00,687
02/11/2022 23:00,667
02/12/2022 0:00,642
02/12/2022 1:00,633
02/12/2022 2:00,623
02/12/2022 3:00,614
02/12/2022 4:00,613
02/12/2022 5:00,617
02/12/2022 6:00,634
02/12/2022 7:00,675
02/12/2022 8:00,744
02/12/2022 9:00,784
02/12/2022 10:00,804
02/12/2022 11:00,773
02/12/2022 12:00,786
02/12/2022 13:00,796
02/12/2022 14:00,796
02/12/2022 15:00,770
02/12/2022 16:00,743
02/12/2022 17:00,734
02/12/2022 18:00,728
02/12/2022 19:00,707
02/12/2022 20:00,686
02/12/2022 21:00,674
02/12/2022 22:00,660
02/12/2022 23:00,640
02/13/2022 00:00,619
02/13/2022 01:00,601
02/13/2022 02:00,596
02/13/2022 03:00,584
02/13/2022 04:00,578
02/13/2022 05:00,572
02/13/2022 06:00,566
02/13/2022 07:00,591
02/13/2022 08:00,628
02/13/2022 09:00,658
02/13/2022 10:00,680
02/13/2022 11:00,676
02/13/2022 12:00,686
02/13/2022 13:00,695
02/13/2022 14:00,689
02/13/2022 15:00,672
02/13/2022 16:00,667
02/13/2022 17:00,690
02/13/2022 18:00,687
02/13/2022 19:00,672
02/13/2022 20:00,668
02/13/2022 21:00,655
02/13/2022 22:00,638
02/13/2022 23:00,616
02/14/2022 00:00,597
02/14/2022 01:00,584
02/14/2022 02:00,576
02/14/2022 03:00,579
02/14/2022 04:00,585
02/14/2022 05:00,602
02/14/2022 06:00,637
02/14/2022 07:00,709
02/14/2022 08:00,785
02/14/2022 09:00,818
02/14/2022 10:00,845
02/14/2022 11:00,837
02/14/2022 12:00,844
02/14/2022 13:00,892
02/14/2022 14:00,874
02/14/2022 15:00,872
02/14/2022 16:00,816
02/14/2022 17:00,792
02/14/2022 18:00,771
02/14/2022 19:00,753
02/14/2022 20:00,740
02/14/2022 21:00,718
02/14/2022 22:00,697
02/14/2022 23:00,673
02/15/2022 00:00,656
02/15/2022 01:00,641
02/15/2022 02:00,629
02/15/2022 03:00,623
02/15/2022 04:00,622
02/15/2022 05:00,634
02/15/2022 06:00,656
02/15/2022 07:00,728
02/15/2022 08:00,816
02/15/2022 09:00,856
02/15/2022 10:00,868
02/15/2022 11:00,853
02/15/2022 12:00,860
02/15/2022 13:00,905
02/15/2022 14:00,896
02/15/2022 15:00,878
02/15/2022 16:00,833
02/15/2022 17:00,792
02/15/2022 18:00,784
02/15/2022 19:00,760
02/15/2022 20:00,749
02/15/2022 21:00,728
02/15/2022 22:00,704
02/15/2022 23:00,683
02/16/2022 00:00,667
02/16/2022 01:00,658
02/16/2022 02:00,650
02/16/2022 03:00,641
02/16/2022 04:00,646
02/16/2022 05:00,648
02/16/2022 06:00,666
02/16/2022 07:00,736
02/16/2022 08:00,816
02/16/2022 09:00,862
02/16/2022 10:00,880
02/16/2022 11:00,863
02/16/2022 12:00,865
02/16/2022 13:00,899
02/16/2022 14:00,883
02/16/2022 15:00,880
02/16/2022 16:00,842
02/16/2022 17:00,817
02/16/2022 18:00,803
02/16/2022 19:00,776
02/16/2022 20:00,772
02/16/2022 21:00,748
02/16/2022 22:00,724
02/16/2022 23:00,705
02/17/2022 00:00,684
02/17/2022 01:00,675
02/17/2022 02:00,660
02/17/2022 03:00,642
02/17/2022 04:00,649
02/17/2022 05:00,647
02/17/2022 06:00,669
02/17/2022 07:00,750
02/17/2022 08:00,834
02/17/2022 09:00,866
02/17/2022 10:00,876
02/17/2022 11:00,863
02/17/2022 12:00,838
02/17/2022 13:00,904
02/17/2022 14:00,903
02/17/2022 15:00,880
02/17/2022 16:00,825
02/17/2022 17:00,790
02/17/2022 18:00,788
02/17/2022 19:00,769
02/17/2022 20:00,762
02/17/2022 21:00,743
02/17/2022 22:00,719
02/17/2022 23:00,695
02/18/2022 00:00,673
02/18/2022 01:00,660
02/18/2022 02:00,651
02/18/2022 03:00,645
02/18/2022 04:00,642
02/18/2022 05:00,653
02/18/2022 06:00,678
02/18/2022 07:00,738
02/18/2022 08:00,821
02/18/2022 09:00,852
02/18/2022 10:00,856
02/18/2022 11:00,841
02/18/2022 12:00,862
02/18/2022 13:00,884
02/18/2022 14:00,865
02/18/2022 15:00,848
02/18/2022 16:00,820
02/18/2022 17:00,793
02/18/2022 18:00,770
02/18/2022 19:00,756
02/18/2022 20:00,741
02/18/2022 21:00,719
02/18/2022 22:00,695
02/18/2022 23:00,677
02/19/2022 00:00,665
02/19/2022 01:00,652
02/19/2022 02:00,640
02/19/2022 03:00,628
02/19/2022 04:00,628
02/19/2022 05:00,631
02/19/2022 06:00,647
02/19/2022 07:00,695
02/19/2022 08:00,757
02/19/2022 09:00,779
02/19/2022 10:00,806
02/19/2022 11:00,797
02/19/2022 12:00,810
02/19/2022 13:00,825
02/19/2022 14:00,808
02/19/2022 15:00,790
02/19/2022 16:00,759
02/19/2022 17:00,766
02/19/2022 18:00,761
02/19/2022 19:00,747
02/19/2022 20:00,734
02/19/2022 21:00,713
02/19/2022 22:00,697
02/19/2022 23:00,673
02/20/2022 00:00,659
02/20/2022 01:00,645
02/20/2022 02:00,629
02/20/2022 03:00,617
02/20/2022 04:00,610
02/20/2022 05:00,595
02/20/2022 06:00,596
02/20/2022 07:00,611
02/20/2022 08:00,647
02/20/2022 09:00,680
02/20/2022 10:00,680
02/20/2022 11:00,692
02/20/2022 12:00,703
02/20/2022 13:00,711
02/20/2022 14:00,705
02/20/2022 15:00,685
02/20/2022 16:00,683
02/20/2022 17:00,699
02/20/2022 18:00,707
02/20/2022 19:00,697
02/20/2022 20:00,695
02/20/2022 21:00,681
02/20/2022 22:00,669
02/20/2022 23:00,645
02/21/2022 00:00,624
02/21/2022 01:00,607
02/21/2022 02:00,599
02/21/2022 03:00,584
02/21/2022 04:00,584
02/21/2022 05:00,598
02/21/2022 06:00,632
02/21/2022 07:00,704
02/21/2022 08:00,795
02/21/2022 09:00,836
02/21/2022 10:00,855
02/21/2022 11:00,821
02/21/2022 12:00,828
02/21/2022 13:00,866
02/21/2022 14:00,858
02/21/2022 15:00,847
02/21/2022 16:00,797
02/21/2022 17:00,788
02/21/2022 18:00,770
02/21/2022 19:00,752
02/21/2022 20:00,740
02/21/2022 21:00,714
02/21/2022 22:00,691
02/21/2022 23:00,671
02/22/2022 00:00,653
02/22/2022 01:00,644
02/22/2022 02:00,627
02/22/2022 03:00,621
02/22/2022 04:00,621
02/22/2022 05:00,633
02/22/2022 06:00,656
02/22/2022 07:00,709
02/22/2022 08:00,793
02/22/2022 09:00,845
02/22/2022 10:00,861
02/22/2022 11:00,842
02/22/2022 12:00,853
02/22/2022 13:00,875
02/22/2022 14:00,871
02/22/2022 15:00,862
02/22/2022 16:00,821
02/22/2022 17:00,801
02/22/2022 18:00,787
02/22/2022 19:00,766
02/22/2022 20:00,753
02/22/2022 21:00,717
02/22/2022 22:00,690
02/22/2022 23:00,668
02/23/2022 00:00,645
02/23/2022 01:00,632
02/23/2022 02:00,619
02/23/2022 03:00,611
02/23/2022 04:00,620
02/23/2022 05:00,636
02/23/2022 06:00,649
02/23/2022 07:00,714
02/23/2022 08:00,792
02/23/2022 09:00,806
02/23/2022 10:00,821
02/23/2022 11:00,806
02/23/2022 12:00,814
02/23/2022 13:00,851
02/23/2022 14:00,837
02/23/2022 15:00,827
02/23/2022 16:00,796
02/23/2022 17:00,786
02/23/2022 18:00,775
02/23/2022 19:00,750
02/23/2022 20:00,738
02/23/2022 21:00,706
02/23/2022 22:00,687
02/23/2022 23:00,662
02/24/2022 00:00,641
02/24/2022 01:00,627
02/24/2022 02:00,616
02/24/2022 03:00,610
02/24/2022 04:00,618
02/24/2022 05:00,626
02/24/2022 06:00,645
02/24/2022 07:00,691
02/24/2022 08:00,778
02/24/2022 09:00,821
02/24/2022 10:00,841
02/24/2022 11:00,831
02/24/2022 12:00,831
02/24/2022 13:00,862
02/24/2022 14:00,858
02/24/2022 15:00,832
02/24/2022 16:00,780
02/24/2022 17:00,784
02/24/2022 18:00,778
02/24/2022 19:00,756
02/24/2022 20:00,742
02/24/2022 21:00,708
02/24/2022 22:00,688
02/24/2022 23:00,666
02/25/2022 00:00,647
02/25/2022 01:00,638
02/25/2022 02:00,625
02/25/2022 03:00,615
02/25/2022 04:00,617
02/25/2022 05:00,617
02/25/2022 06:00,634
02/25/2022 07:00,675
02/25/2022 08:00,730
02/25/2022 09:00,752
02/25/2022 10:00,763
02/25/2022 11:00,753
02/25/2022 12:00,764
02/25/2022 13:00,787
02/25/2022 14:00,776
02/25/2022 15:00,759
02/25/2022 16:00,738
02/25/2022 17:00,744
02/25/2022 18:00,744
02/25/2022 19:00,730
02/25/2022 20:00,717
02/25/2022 21:00,694
02/25/2022 22:00,671
02/25/2022 23:00,656
02/26/2022 00:00,634
02/26/2022 01:00,615
02/26/2022 02:00,608
02/26/2022 03:00,595
02/26/2022 04:00,594
02/26/2022 05:00,598
02/26/2022 06:00,622
02/26/2022 07:00,675
02/26/2022 08:00,736
02/26/2022 09:00,768
02/26/2022 10:00,792
02/26/2022 11:00,770
02/26/2022 12:00,780
02/26/2022 13:00,809
02/26/2022 14:00,797
02/26/2022 15:00,776
02/26/2022 16:00,749
02/26/2022 17:00,746
02/26/2022 18:00,739
02/26/2022 19:00,717
02/26/2022 20:00,708
02/26/2022 21:00,697
02/26/2022 22:00,674
02/26/2022 23:00,661
02/27/2022 00:00,641
02/27/2022 01:00,627
02/27/2022 02:00,613
02/27/2022 03:00,602
02/27/2022 04:00,599
02/27/2022 05:00,588
02/27/2022 06:00,587
02/27/2022 07:00,604
02/27/2022 08:00,638
02/27/2022 09:00,674
02/27/2022 10:00,679
02/27/2022 11:00,671
02/27/2022 12:00,669
02/27/2022 13:00,682
02/27/2022 14:00,679
02/27/2022 15:00,672
02/27/2022 16:00,670
02/27/2022 17:00,702
02/27/2022 18:00,705
02/27/2022 19:00,686
02/27/2022 20:00,671
02/27/2022 21:00,659
02/27/2022 22:00,627
02/27/2022 23:00,589
02/28/2022 00:00,578
02/28/2022 01:00,563
02/28/2022 02:00,556
02/28/2022 03:00,569
02/28/2022 04:00,577
02/28/2022 05:00,585
02/28/2022 06:00,612
02/28/2022 07:00,678
02/28/2022 08:00,737
02/28/2022 09:00,783
02/28/2022 10:00,781
02/28/2022 11:00,763
02/28/2022 12:00,776
02/28/2022 13:00,786
02/28/2022 14:00,783
02/28/2022 15:00,777
02/28/2022 16:00,751
02/28/2022 17:00,753
02/28/2022 18:00,739
02/28/2022 19:00,718
02/28/2022 20:00,692
02/28/2022 21:00,673
02/28/2022 22:00,656
02/28/2022 23:00,632
03/01/2022 0:00,619
03/01/2022 1:00,603
03/01/2022 2:00,595
03/01/2022 3:00,590
03/01/2022 4:00,597
03/01/2022 5:00,616
03/01/2022 6:00,648
03/01/2022 7:00,727
03/01/2022 8:00,804
03/01/2022 9:00,853
03/01/2022 10:00,875
03/01/2022 11:00,859
03/01/2022 12:00,867
03/01/2022 13:00,888
03/01/2022 14:00,878
03/01/2022 15:00,862
03/01/2022 16:00,820
03/01/2022 17:00,801
03/01/2022 18:00,788
03/01/2022 19:00,763
03/01/2022 20:00,756
03/01/2022 21:00,729
03/01/2022 22:00,707
03/01/2022 23:00,684
03/02/2022 0:00,655
03/02/2022 1:00,640
03/02/2022 2:00,627
03/02/2022 3:00,617
03/02/2022 4:00,631
03/02/2022 5:00,634
03/02/2022 6:00,656
03/02/2022 7:00,729
03/02/2022 8:00,819
03/02/2022 9:00,850
03/02/2022 10:00,871
03/02/2022 11:00,844
03/02/2022 12:00,850
03/02/2022 13:00,879
03/02/2022 14:00,871
03/02/2022 15:00,855
03/02/2022 16:00,806
03/02/2022 17:00,805
03/02/2022 18:00,787
03/02/2022 19:00,769
03/02/2022 20:00,758
03/02/2022 21:00,733
03/02/2022 22:00,708
03/02/2022 23:00,680
03/03/2022 0:00,668
03/03/2022 1:00,652
03/03/2022 2:00,646
03/03/2022 3:00,631
03/03/2022 4:00,639
03/03/2022 5:00,653
03/03/2022 6:00,673
03/03/2022 7:00,746
03/03/2022 8:00,831
03/03/2022 9:00,854
03/03/2022 10:00,853
03/03/2022 11:00,835
03/03/2022 12:00,849
03/03/2022 13:00,882
03/03/2022 14:00,858
03/03/2022 15:00,800
03/03/2022 16:00,796
03/03/2022 17:00,785
03/03/2022 18:00,769
03/03/2022 19:00,746
03/03/2022 20:00,727
03/03/2022 21:00,697
03/03/2022 22:00,677
03/03/2022 23:00,653
03/04/2022 0:00,631
03/04/2022 1:00,608
03/04/2022 2:00,601
03/04/2022 3:00,598
03/04/2022 4:00,606
03/04/2022 5:00,622
03/04/2022 6:00,647
03/04/2022 7:00,727
03/04/2022 8:00,803
03/04/2022 9:00,833
03/04/2022 10:00,856
03/04/2022 11:00,829
03/04/2022 12:00,841
03/04/2022 13:00,887
03/04/2022 14:00,867
03/04/2022 15:00,849
03/04/2022 16:00,823
03/04/2022 17:00,803
03/04/2022 18:00,791
03/04/2022 19:00,770
03/04/2022 20:00,760
03/04/2022 21:00,740
03/04/2022 22:00,712
03/04/2022 23:00,688
03/05/2022 0:00,670
03/05/2022 1:00,658
03/05/2022 2:00,643
03/05/2022 3:00,638
03/05/2022 4:00,629
03/05/2022 5:00,638
03/05/2022 6:00,655
03/05/2022 7:00,713
03/05/2022 8:00,778
03/05/2022 9:00,817
03/05/2022 10:00,834
03/05/2022 11:00,809
03/05/2022 12:00,827
03/05/2022 13:00,839
03/05/2022 14:00,818
03/05/2022 15:00,804
03/05/2022 16:00,771
03/05/2022 17:00,776
03/05/2022 18:00,767
03/05/2022 19:00,757
03/05/2022 20:00,746
03/05/2022 21:00,730
03/05/2022 22:00,705
03/05/2022 23:00,687
03/06/2022 0:00,671
03/06/2022 1:00,651
03/06/2022 2:00,644
03/06/2022 3:00,632
03/06/2022 4:00,617
03/06/2022 5:00,614
03/06/2022 6:00,613
03/06/2022 7:00,629
03/06/2022 8:00,657
03/06/2022 9:00,687
03/06/2022 10:00,707
03/06/2022 11:00,703
03/06/2022 12:00,700
03/06/2022 13:00,689
03/06/2022 14:00,682
03/06/2022 15:00,684
03/06/2022 16:00,682
03/06/2022 17:00,709
03/06/2022 18:00,707
03/06/2022 19:00,687
03/06/2022 20:00,675
03/06/2022 21:00,647
03/06/2022 22:00,630
03/06/2022 23:00,613
03/07/2022 0:00,609
03/07/2022 1:00,588
03/07/2022 2:00,586
03/07/2022 3:00,575
03/07/2022 4:00,585
03/07/2022 5:00,607
03/07/2022 6:00,635
03/07/2022 7:00,702
03/07/2022 8:00,773
03/07/2022 9:00,813
03/07/2022 10:00,834
03/07/2022 11:00,820
03/07/2022 12:00,826
03/07/2022 13:00,847
03/07/2022 14:00,845
03/07/2022 15:00,844
03/07/2022 16:00,818
03/07/2022 17:00,807
03/07/2022 18:00,787
03/07/2022 19:00,767
03/07/2022 20:00,749
03/07/2022 21:00,722
03/07/2022 22:00,700
03/07/2022 23:00,680
03/08/2022 0:00,671
03/08/2022 1:00,658
03/08/2022 2:00,645
03/08/2022 3:00,635
03/08/2022 4:00,643
03/08/2022 5:00,662
03/08/2022 6:00,686
03/08/2022 7:00,768
03/08/2022 8:00,861
03/08/2022 9:00,895
03/08/2022 10:00,900
03/08/2022 11:00,874
03/08/2022 12:00,885
03/08/2022 13:00,912
03/08/2022 14:00,897
03/08/2022 15:00,875
03/08/2022 16:00,836
03/08/2022 17:00,816
03/08/2022 18:00,807
03/08/2022 19:00,784
03/08/2022 20:00,767
03/08/2022 21:00,743
03/08/2022 22:00,720
03/08/2022 23:00,695
03/09/2022 0:00,687
03/09/2022 1:00,673
03/09/2022 2:00,666
03/09/2022 3:00,660
03/09/2022 4:00,670
03/09/2022 5:00,683
03/09/2022 6:00,699
03/09/2022 7:00,772
03/09/2022 8:00,848
03/09/2022 9:00,880
03/09/2022 10:00,884
03/09/2022 11:00,862
03/09/2022 12:00,876
03/09/2022 13:00,916
03/09/2022 14:00,905
03/09/2022 15:00,883
03/09/2022 16:00,834
03/09/2022 17:00,831
03/09/2022 18:00,823
03/09/2022 19:00,800
03/09/2022 20:00,779
03/09/2022 21:00,722
03/09/2022 22:00,710
03/09/2022 23:00,702
03/10/2022 0:00,684
03/10/2022 1:00,666
03/10/2022 2:00,659
03/10/2022 3:00,650
03/10/2022 4:00,644
03/10/2022 5:00,660
03/10/2022 6:00,683
03/10/2022 7:00,751
03/10/2022 8:00,829
03/10/2022 9:00,858
03/10/2022 10:00,859
03/10/2022 11:00,841
03/10/2022 12:00,859
03/10/2022 13:00,871
03/10/2022 14:00,862
03/10/2022 15:00,843
03/10/2022 16:00,808
03/10/2022 17:00,807
03/10/2022 18:00,795
03/10/2022 19:00,772
03/10/2022 20:00,754
03/10/2022 21:00,733
03/10/2022 22:00,705
03/10/2022 23:00,688
03/11/2022 0:00,672
03/11/2022 1:00,659
03/11/2022 2:00,649
03/11/2022 3:00,644
03/11/2022 4:00,650
03/11/2022 5:00,661
03/11/2022 6:00,688
03/11/2022 7:00,742
03/11/2022 8:00,807
03/11/2022 9:00,843
03/11/2022 10:00,863
03/11/2022 11:00,862
03/11/2022 12:00,879
03/11/2022 13:00,902
03/11/2022 14:00,889
03/11/2022 15:00,864
03/11/2022 16:00,821
03/11/2022 17:00,806
03/11/2022 18:00,791
03/11/2022 19:00,708
03/11/2022 20:00,754
03/11/2022 21:00,735
03/11/2022 22:00,710
03/11/2022 23:00,689
03/12/2022 0:00,682
03/12/2022 1:00,666
03/12/2022 2:00,650
03/12/2022 3:00,638
03/12/2022 4:00,642
03/12/2022 5:00,660
03/12/2022 6:00,676
03/12/2022 7:00,729
03/12/2022 8:00,798
03/12/2022 9:00,823
03/12/2022 10:00,840
03/12/2022 11:00,827
03/12/2022 12:00,846
03/12/2022 13:00,867
03/12/2022 14:00,852
03/12/2022 15:00,831
03/12/2022 16:00,777
03/12/2022 17:00,779
03/12/2022 18:00,786
03/12/2022 19:00,775
03/12/2022 20:00,756
03/12/2022 21:00,737
03/12/2022 22:00,718
03/12/2022 23:00,698
03/13/2022 00:00,675
03/13/2022 01:00,659
03/13/2022 02:00,648
03/13/2022 03:00,635
03/13/2022 04:00,630
03/13/2022 05:00,623
03/13/2022 06:00,627
03/13/2022 07:00,651
03/13/2022 08:00,682
03/13/2022 09:00,700
03/13/2022 10:00,718
03/13/2022 11:00,717
03/13/2022 12:00,722
03/13/2022 13:00,737
03/13/2022 14:00,736
03/13/2022 15:00,734
03/13/2022 16:00,730
03/13/2022 17:00,746
03/13/2022 18:00,756
03/13/2022 19:00,741
03/13/2022 20:00,735
03/13/2022 21:00,714
03/13/2022 22:00,706
03/13/2022 23:00,685
03/14/2022 00:00,669
03/14/2022 01:00,650
03/14/2022 02:00,637
03/14/2022 03:00,624
03/14/2022 04:00,627
03/14/2022 05:00,648
03/14/2022 06:00,680
03/14/2022 07:00,776
03/14/2022 08:00,864
03/14/2022 09:00,901
03/14/2022 10:00,904
03/14/2022 11:00,912
03/14/2022 12:00,920
03/14/2022 13:00,947
03/14/2022 14:00,949
03/14/2022 15:00,937
03/14/2022 16:00,898
03/14/2022 17:00,859
03/14/2022 18:00,848
03/14/2022 19:00,826
03/14/2022 20:00,808
03/14/2022 21:00,775
03/14/2022 22:00,758
03/14/2022 23:00,731
03/15/2022 00:00,713
03/15/2022 01:00,696
03/15/2022 02:00,684
03/15/2022 03:00,678
03/15/2022 04:00,677
03/15/2022 05:00,685
03/15/2022 06:00,701
03/15/2022 07:00,772
03/15/2022 08:00,856
03/15/2022 09:00,910
03/15/2022 10:00,925
03/15/2022 11:00,919
03/15/2022 12:00,930
03/15/2022 13:00,962
03/15/2022 14:00,937
03/15/2022 15:00,923
03/15/2022 16:00,868
03/15/2022 17:00,838
03/15/2022 18:00,831
03/15/2022 19:00,815
03/15/2022 20:00,807
03/15/2022 21:00,784
03/15/2022 22:00,758
03/15/2022 23:00,741
03/16/2022 00:00,720
03/16/2022 01:00,701
03/16/2022 02:00,689
03/16/2022 03:00,680
03/16/2022 04:00,680
03/16/2022 05:00,688
03/16/2022 06:00,714
03/16/2022 07:00,794
03/16/2022 08:00,879
03/16/2022 09:00,919
03/16/2022 10:00,945
03/16/2022 11:00,920
03/16/2022 12:00,936
03/16/2022 13:00,963
03/16/2022 14:00,992
03/16/2022 15:00,945
03/16/2022 16:00,896
03/16/2022 17:00,858
03/16/2022 18:00,847
03/16/2022 19:00,828
03/16/2022 20:00,818
03/16/2022 21:00,800
03/16/2022 22:00,775
03/16/2022 23:00,746
03/17/2022 00:00,727
03/17/2022 01:00,712
03/17/2022 02:00,699
03/17/2022 03:00,684
03/17/2022 04:00,682
03/17/2022 05:00,690
03/17/2022 06:00,717
03/17/2022 07:00,800
03/17/2022 08:00,889
03/17/2022 09:00,926
03/17/2022 10:00,953
03/17/2022 11:00,928
03/17/2022 12:00,948
03/17/2022 13:00,965
03/17/2022 14:00,969
03/17/2022 15:00,954
03/17/2022 16:00,892
03/17/2022 17:00,847
03/17/2022 18:00,833
03/17/2022 19:00,809
03/17/2022 20:00,786
03/17/2022 21:00,764
03/17/2022 22:00,767
03/17/2022 23:00,755
03/18/2022 00:00,721
03/18/2022 01:00,707
03/18/2022 02:00,690
03/18/2022 03:00,678
03/18/2022 04:00,681
03/18/2022 05:00,682
03/18/2022 06:00,695
03/18/2022 07:00,779
03/18/2022 08:00,880
03/18/2022 09:00,912
03/18/2022 10:00,932
03/18/2022 11:00,917
03/18/2022 12:00,941
03/18/2022 13:00,977
03/18/2022 14:00,967
03/18/2022 15:00,945
03/18/2022 16:00,899
03/18/2022 17:00,863
03/18/2022 18:00,861
03/18/2022 19:00,842
03/18/2022 20:00,827
03/18/2022 21:00,794
03/18/2022 22:00,781
03/18/2022 23:00,756
03/19/2022 00:00,734
03/19/2022 01:00,714
03/19/2022 02:00,702
03/19/2022 03:00,688
03/19/2022 04:00,677
03/19/2022 05:00,672
03/19/2022 06:00,685
03/19/2022 07:00,757
03/19/2022 08:00,819
03/19/2022 09:00,851
03/19/2022 10:00,868
03/19/2022 11:00,853
03/19/2022 12:00,871
03/19/2022 13:00,884
03/19/2022 14:00,879
03/19/2022 15:00,859
03/19/2022 16:00,817
03/19/2022 17:00,817
03/19/2022 18:00,823
03/19/2022 19:00,805
03/19/2022 20:00,800
03/19/2022 21:00,783
03/19/2022 22:00,762
03/19/2022 23:00,740
03/20/2022 00:00,715
03/20/2022 01:00,702
03/20/2022 02:00,682
03/20/2022 03:00,668
03/20/2022 04:00,662
03/20/2022 05:00,647
03/20/2022 06:00,644
03/20/2022 07:00,664
03/20/2022 08:00,705
03/20/2022 09:00,742
03/20/2022 10:00,754
03/20/2022 11:00,742
03/20/2022 12:00,753
03/20/2022 13:00,734
03/20/2022 14:00,722
03/20/2022 15:00,709
03/20/2022 16:00,705
03/20/2022 17:00,727
03/20/2022 18:00,739
03/20/2022 19:00,723
03/20/2022 20:00,713
03/20/2022 21:00,700
03/20/2022 22:00,689
03/20/2022 23:00,661
03/21/2022 00:00,629
03/21/2022 01:00,644
03/21/2022 02:00,568
03/21/2022 03:00,646
03/21/2022 04:00,654
03/21/2022 05:00,615
03/21/2022 06:00,702
03/21/2022 07:00,676
03/21/2022 08:00,852
03/21/2022 09:00,907
03/21/2022 10:00,925
03/21/2022 11:00,906
03/21/2022 12:00,920
03/21/2022 13:00,947
03/21/2022 14:00,926
03/21/2022 15:00,798
03/21/2022 16:00,778
03/21/2022 17:00,708
03/21/2022 18:00,720
03/21/2022 19:00,719
03/21/2022 20:00,710
03/21/2022 21:00,733
03/21/2022 22:00,690
03/21/2022 23:00,705
03/22/2022 00:00,708
03/22/2022 01:00,693
03/22/2022 02:00,674
03/22/2022 03:00,662
03/22/2022 04:00,663
03/22/2022 05:00,673
03/22/2022 06:00,692
03/22/2022 07:00,773
03/22/2022 08:00,857
03/22/2022 09:00,905
03/22/2022 10:00,879
03/22/2022 11:00,815
03/22/2022 12:00,794
03/22/2022 13:00,825
03/22/2022 14:00,819
03/22/2022 15:00,807
03/22/2022 16:00,695
03/22/2022 17:00,685
03/22/2022 18:00,711
03/22/2022 19:00,646
03/22/2022 20:00,652
03/22/2022 21:00,648
03/22/2022 22:00,570
03/22/2022 23:00,571
03/23/2022 00:00,643
03/23/2022 01:00,685
03/23/2022 02:00,648
03/23/2022 03:00,596
03/23/2022 04:00,616
03/23/2022 05:00,690
03/23/2022 06:00,711
03/23/2022 07:00,781
03/23/2022 08:00,845
03/23/2022 09:00,850
03/23/2022 10:00,850
03/23/2022 11:00,820
03/23/2022 12:00,873
03/23/2022 13:00,856
03/23/2022 14:00,816
03/23/2022 15:00,823
03/23/2022 16:00,760
03/23/2022 17:00,728
03/23/2022 18:00,732
03/23/2022 19:00,728
03/23/2022 20:00,721
03/23/2022 21:00,747
03/23/2022 22:00,729
03/23/2022 23:00,746
03/24/2022 00:00,723
03/24/2022 01:00,705
03/24/2022 02:00,688
03/24/2022 03:00,678
03/24/2022 04:00,679
03/24/2022 05:00,685
03/24/2022 06:00,704
03/24/2022 07:00,790
03/24/2022 08:00,891
03/24/2022 09:00,929
03/24/2022 10:00,947
03/24/2022 11:00,924
03/24/2022 12:00,940
03/24/2022 13:00,976
03/24/2022 14:00,973
03/24/2022 15:00,955
03/24/2022 16:00,913
03/24/2022 17:00,876
03/24/2022 18:00,863
03/24/2022 19:00,836
03/24/2022 20:00,819
03/24/2022 21:00,799
03/24/2022 22:00,766
03/24/2022 23:00,745
03/25/2022 00:00,717
03/25/2022 01:00,702
03/25/2022 02:00,685
03/25/2022 03:00,670
03/25/2022 04:00,675
03/25/2022 05:00,677
03/25/2022 06:00,692
03/25/2022 07:00,777
03/25/2022 08:00,869
03/25/2022 09:00,904
03/25/2022 10:00,928
03/25/2022 11:00,904
03/25/2022 12:00,923
03/25/2022 13:00,944
03/25/2022 14:00,930
03/25/2022 15:00,926
03/25/2022 16:00,879
03/25/2022 17:00,847
03/25/2022 18:00,839
03/25/2022 19:00,830
03/25/2022 20:00,807
03/25/2022 21:00,786
03/25/2022 22:00,767
03/25/2022 23:00,740
03/26/2022 00:00,717
03/26/2022 01:00,707
03/26/2022 02:00,682
03/26/2022 03:00,665
03/26/2022 04:00,666
03/26/2022 05:00,661
03/26/2022 06:00,682
03/26/2022 07:00,752
03/26/2022 08:00,744
03/26/2022 09:00,775
03/26/2022 10:00,829
03/26/2022 11:00,821
03/26/2022 12:00,844
03/26/2022 13:00,863
03/26/2022 14:00,865
03/26/2022 15:00,841
03/26/2022 16:00,810
03/26/2022 17:00,797
03/26/2022 18:00,791
03/26/2022 19:00,820
03/26/2022 20:00,765
03/26/2022 21:00,777
03/26/2022 22:00,756
03/26/2022 23:00,728
03/27/2022 00:00,645
03/27/2022 01:00,627
03/27/2022 02:00,606
03/27/2022 03:00,607
03/27/2022 04:00,645
03/27/2022 05:00,636
03/27/2022 06:00,631
03/27/2022 07:00,642
03/27/2022 08:00,671
03/27/2022 09:00,715
03/27/2022 10:00,719
03/27/2022 11:00,703
03/27/2022 12:00,720
03/27/2022 13:00,728
03/27/2022 14:00,730
03/27/2022 15:00,697
03/27/2022 16:00,702
03/27/2022 17:00,733
03/27/2022 18:00,739
03/27/2022 19:00,730
03/27/2022 20:00,715
03/27/2022 21:00,696
03/27/2022 22:00,688
03/27/2022 23:00,668
03/28/2022 00:00,650
03/28/2022 01:00,632
03/28/2022 02:00,615
03/28/2022 03:00,615
03/28/2022 04:00,613
03/28/2022 05:00,634
03/28/2022 06:00,657
03/28/2022 07:00,750
03/28/2022 08:00,827
03/28/2022 09:00,846
03/28/2022 10:00,841
03/28/2022 11:00,817
03/28/2022 12:00,813
03/28/2022 13:00,856
03/28/2022 14:00,864
03/28/2022 15:00,841
03/28/2022 16:00,806
03/28/2022 17:00,794
03/28/2022 18:00,785
03/28/2022 19:00,792
03/28/2022 20:00,742
03/28/2022 21:00,749
03/28/2022 22:00,728
03/28/2022 23:00,703
03/29/2022 00:00,698
03/29/2022 01:00,678
03/29/2022 02:00,660
03/29/2022 03:00,654
03/29/2022 04:00,661
03/29/2022 05:00,676
03/29/2022 06:00,685
03/29/2022 07:00,795
03/29/2022 08:00,878
03/29/2022 09:00,906
03/29/2022 10:00,926
03/29/2022 11:00,907
03/29/2022 12:00,923
03/29/2022 13:00,961
03/29/2022 14:00,952
03/29/2022 15:00,936
03/29/2022 16:00,890
03/29/2022 17:00,837
03/29/2022 18:00,828
03/29/2022 19:00,820
03/29/2022 20:00,816
03/29/2022 21:00,798
03/29/2022 22:00,785
03/29/2022 23:00,740
03/30/2022 00:00,723
03/30/2022 01:00,702
03/30/2022 02:00,684
03/30/2022 03:00,676
03/30/2022 04:00,670
03/30/2022 05:00,683
03/30/2022 06:00,689
03/30/2022 07:00,786
03/30/2022 08:00,859
03/30/2022 09:00,909
03/30/2022 10:00,942
03/30/2022 11:00,924
03/30/2022 12:00,938
03/30/2022 13:00,972
03/30/2022 14:00,958
03/30/2022 15:00,950
03/30/2022 16:00,902
03/30/2022 17:00,869
03/30/2022 18:00,868
03/30/2022 19:00,845
03/30/2022 20:00,836
03/30/2022 21:00,809
03/30/2022 22:00,783
03/30/2022 23:00,758
03/31/2022 00:00,731
03/31/2022 01:00,716
03/31/2022 02:00,699
03/31/2022 03:00,681
03/31/2022 04:00,685
03/31/2022 05:00,689
03/31/2022 06:00,699
03/31/2022 07:00,787
03/31/2022 08:00,877
03/31/2022 09:00,925
03/31/2022 10:00,950
03/31/2022 11:00,924
03/31/2022 12:00,931
03/31/2022 13:00,930
03/31/2022 14:00,896
03/31/2022 15:00,884
03/31/2022 16:00,838
03/31/2022 17:00,827
03/31/2022 18:00,824
03/31/2022 19:00,807
03/31/2022 20:00,802
03/31/2022 21:00,807
03/31/2022 22:00,784
03/31/2022 23:00,729
